padd_region,diesel_kgco2eq_gallon
PADD 1,2.424175466
PADD 2,2.454897445
PADD 3,2.2375725
PADD 4,2.386559889
PADD 5,2.758815399
